,-12.5,-12.0,-11.5,-11.0,-10.5,-10.0,-9.5,-9.0,-8.5,-8.0,-7.5,-7.0,-6.5,-6.0,-5.5,-5.0,-4.5,-4.0,-3.5,-3.0,-2.5,-2.0,-1.5,-1.0,-0.5,0.0,0.5,1.0,1.5,2.0,2.5,3.0,3.5,4.0,4.5,5.0,5.5,6.0,6.5,7.0,7.5,8.0,8.5,9.0,9.5,10.0,10.5,11.0,11.5,12.0,12.5,13.0,13.5,14.0,14.5,15.0,15.5,16.0,16.5,17.0,17.5,18.0,18.5,19.0
91.0,1,1,1,1,1,1,1,1,1,1,1,1,1,1,1,1,1,1,1,1,1,1,1,1,1,1,1,1,1,1,1,1,1,1,1,1,1,1,1,1,1,1,1,1,1,1,1,1,1,1,1,1,1,1,1,1,1,1,1,1,1,1,1,1
91.5,1,1,1,1,1,1,1,1,1,1,1,1,1,1,1,1,1,1,1,1,1,1,1,1,1,1,1,1,1,1,1,1,1,1,1,1,1,1,1,1,1,1,1,1,1,1,1,1,1,1,1,1,1,1,1,1,1,1,1,1,1,1,1,1
92.0,1,1,1,1,1,1,1,1,1,1,1,1,1,1,1,1,1,1,1,1,1,1,1,1,1,1,1,1,1,1,1,1,1,1,1,1,1,1,1,1,1,1,1,1,1,1,1,1,1,1,1,1,1,1,1,1,1,1,1,1,1,1,1,1
92.5,1,1,1,1,1,1,1,1,1,1,1,1,1,1,1,1,1,1,1,1,1,1,1,1,1,1,1,1,1,1,1,1,1,1,1,1,1,1,1,1,1,1,1,1,1,1,1,1,1,1,1,1,1,1,1,1,1,1,1,1,1,1,1,1
93.0,1,1,1,1,1,1,1,1,1,1,1,1,1,1,1,1,1,1,1,1,1,1,1,1,1,1,1,1,1,1,1,1,1,1,1,1,1,1,1,1,1,1,1,1,1,1,1,1,1,1,1,1,1,1,1,1,1,1,1,1,1,1,1,1
93.5,1,1,1,1,1,1,1,1,1,1,1,1,1,1,1,1,1,1,1,1,1,1,1,1,1,1,1,1,1,1,1,1,1,1,1,1,1,1,1,1,1,1,1,1,1,1,1,1,1,1,1,1,1,1,1,1,1,1,1,1,1,1,1,1
94.0,1,1,1,1,1,1,1,1,1,1,1,1,1,1,1,1,1,1,1,1,1,1,1,1,1,1,1,1,1,1,1,1,1,1,1,1,1,1,1,1,1,1,1,1,1,1,1,1,1,1,1,1,1,1,1,1,1,1,1,1,1,1,1,1
94.5,1,1,1,1,1,1,1,1,1,1,1,1,1,1,1,1,1,1,1,1,1,1,1,1,1,1,1,1,1,1,1,1,1,1,1,1,1,1,1,1,1,1,1,1,1,1,1,1,1,1,1,1,1,1,1,1,1,-,-,-,1,-,-,-
95.0,1,1,1,1,1,1,1,1,1,1,1,1,1,1,1,1,1,1,1,1,1,1,1,1,1,1,1,1,1,1,1,1,1,1,1,1,1,1,1,1,1,1,1,1,1,1,1,1,1,1,1,1,1,1,1,1,1,-,-,-,-,-,-,-
95.5,1,1,1,1,1,1,1,1,1,1,1,1,1,1,1,1,1,1,1,1,1,1,1,1,1,1,1,1,1,1,1,1,1,1,1,-,-,1,1,1,1,1,1,1,1,1,1,1,1,1,1,1,1,1,1,1,1,-,-,-,-,-,-,-
96.0,1,1,1,1,1,1,1,1,1,1,1,1,1,1,1,1,1,1,1,1,1,1,1,1,1,1,1,1,1,1,1,1,1,1,-,-,1,1,1,1,1,1,1,1,1,1,1,1,1,1,1,1,1,1,1,1,1,1,-,-,-,-,-,-
96.5,1,1,1,1,1,1,1,1,1,1,1,1,1,1,1,1,1,1,1,1,1,1,1,1,1,1,1,1,1,1,1,1,1,-,-,-,1,1,1,1,1,1,1,1,1,1,1,1,1,1,1,1,1,1,1,1,1,1,1,-,-,-,-,-
97.0,1,1,1,1,1,1,1,1,1,1,1,1,1,1,1,1,1,1,1,1,1,1,1,1,1,1,1,1,1,1,1,1,-,-,-,-,1,1,1,1,1,1,1,1,1,1,1,1,1,1,1,1,1,1,1,1,1,1,1,1,-,-,-,-
97.5,1,1,1,1,1,1,1,1,1,1,1,1,1,1,1,1,1,1,1,1,1,1,1,1,1,1,1,1,1,1,1,-,-,-,-,-,1,1,1,1,1,1,1,1,1,1,1,1,1,1,1,1,1,1,1,1,1,1,1,-,-,-,-,-
98.0,1,1,1,1,1,1,1,1,1,1,1,1,1,1,1,1,1,1,1,1,1,1,1,1,1,1,1,1,1,1,-,-,-,-,-,1,1,1,1,1,1,1,1,1,1,1,1,1,1,1,1,1,1,1,-,-,-,-,-,-,-,-,-,-
98.5,1,1,1,1,1,1,1,1,1,1,1,1,1,1,1,1,1,1,1,1,1,1,1,1,1,1,1,1,1,-,-,-,-,1,1,1,1,1,1,1,1,1,-,-,1,1,-,1,1,1,1,1,-,-,-,-,-,-,-,-,-,-,-,-
99.0,1,1,1,1,1,1,1,1,1,1,1,1,1,1,1,1,1,1,1,1,1,1,1,1,1,1,1,-,-,-,-,-,-,1,1,1,1,1,1,1,1,-,-,-,-,-,-,-,-,-,-,-,-,-,-,-,-,-,-,-,-,-,-,-
99.5,1,1,1,1,1,1,1,1,1,1,1,1,1,1,1,1,1,1,1,1,1,1,1,1,1,-,-,-,-,-,-,-,1,1,1,1,1,1,1,1,-,-,-,-,1,1,1,1,-,-,-,-,-,-,-,-,-,-,-,-,-,-,-,-
100.0,1,1,1,1,1,1,1,1,1,1,1,1,1,1,1,1,1,1,1,1,1,1,1,1,-,-,-,-,-,-,-,1,1,1,1,1,1,1,1,-,-,-,-,1,1,1,1,1,1,1,-,1,-,-,-,-,-,-,-,-,-,-,-,-
100.5,1,1,1,1,1,1,1,1,1,1,1,1,1,1,1,1,1,1,1,1,1,1,1,-,-,-,-,-,-,-,1,1,1,1,1,-,-,-,-,-,1,1,1,1,1,1,1,1,1,1,1,1,-,-,-,-,-,-,-,-,-,-,-,-
101.0,1,1,1,1,1,1,1,1,1,1,1,1,1,1,1,1,1,1,1,1,1,-,-,-,-,-,-,-,-,-,1,1,-,-,-,-,-,-,-,1,1,1,1,1,1,1,1,1,1,1,1,-,-,-,-,-,-,-,-,-,-,-,-,-
101.5,1,1,1,1,1,1,1,1,1,1,1,1,1,1,1,1,1,1,1,-,-,-,-,-,-,-,-,-,-,1,1,-,-,-,-,-,-,-,-,1,1,1,1,1,1,1,1,1,1,1,1,-,-,-,-,-,-,-,-,-,-,-,-,-
102.0,1,1,1,1,1,1,1,1,1,1,1,1,1,1,1,1,1,1,-,-,-,-,-,-,-,-,-,-,1,1,-,-,-,-,-,-,-,-,1,1,1,1,1,1,1,1,1,1,1,1,1,-,-,-,-,-,-,-,-,-,-,-,-,-
102.5,1,1,1,1,1,1,1,1,1,1,1,1,1,1,1,1,1,-,-,-,-,-,-,-,-,-,-,1,1,-,-,-,-,-,-,-,-,1,1,1,1,1,1,1,1,1,1,1,1,1,-,-,-,-,-,-,-,-,-,-,-,-,-,-
103.0,1,1,1,1,1,1,1,1,1,1,1,1,1,1,1,1,1,-,-,-,-,-,-,-,-,-,-,1,1,-,-,-,-,-,-,-,1,1,1,1,1,1,1,1,1,1,1,1,-,-,-,-,-,-,-,-,-,-,-,-,-,-,-,-
103.5,1,1,1,1,1,1,1,1,1,1,1,1,1,1,1,1,-,-,-,-,-,-,-,-,1,-,1,1,-,-,-,1,1,1,1,1,1,1,1,1,1,1,1,1,1,1,1,1,-,-,-,-,-,-,-,-,-,-,-,-,-,-,-,-
104.0,1,1,1,1,1,1,1,1,1,1,1,1,1,1,1,-,-,-,-,-,-,-,-,-,1,1,1,1,1,1,1,1,1,1,1,1,1,1,1,1,1,1,1,1,1,1,1,-,-,-,-,-,-,-,-,-,-,-,-,-,-,-,-,-
104.5,1,1,1,1,1,1,1,1,1,1,1,1,1,1,-,-,-,-,-,-,-,-,1,1,1,1,1,1,1,1,1,1,1,1,1,1,1,1,1,1,1,1,1,1,1,1,-,-,-,-,-,-,-,-,-,-,-,-,-,-,-,-,-,-
105.0,1,1,1,1,1,1,1,1,1,1,1,1,1,1,-,-,-,-,-,-,-,1,1,1,1,1,1,1,1,1,1,1,1,1,1,1,1,1,1,1,1,1,1,-,-,1,-,-,1,-,-,-,-,-,-,-,-,-,-,-,-,-,-,-
105.5,1,1,1,1,1,1,1,1,1,1,1,1,1,1,-,-,-,-,-,-,-,-,1,1,1,1,1,1,1,1,1,1,1,1,1,1,1,1,1,1,1,1,1,-,-,-,-,-,-,1,-,-,-,-,-,-,1,-,-,-,-,-,-,-
106.0,1,1,1,1,1,1,1,1,1,1,1,1,-,-,1,1,1,1,-,1,-,-,1,1,1,1,1,1,1,1,1,1,1,1,1,1,1,1,1,1,1,1,1,1,-,-,-,-,-,-,1,1,1,-,-,-,-,-,-,-,-,-,1,1
106.5,1,1,1,1,1,1,1,1,1,1,1,-,-,-,1,1,1,1,1,1,-,1,1,1,1,1,1,1,1,1,1,1,1,1,1,1,1,1,1,1,1,1,1,1,1,1,-,-,-,-,-,-,-,-,-,-,-,-,-,-,-,1,1,1
107.0,1,1,1,1,1,1,1,1,1,1,-,-,-,1,1,1,1,1,1,1,1,1,1,1,1,1,1,1,1,1,1,1,1,1,1,1,1,1,1,1,1,1,1,1,1,1,-,-,-,-,-,-,-,-,-,-,-,-,-,-,1,1,1,1
107.5,1,1,1,1,1,1,1,1,1,1,-,-,-,1,1,1,1,1,1,1,1,1,1,1,1,1,1,1,1,1,1,1,1,1,1,1,1,1,1,1,1,1,1,1,1,1,1,-,-,-,-,-,-,-,-,-,-,-,-,1,1,1,1,1
108.0,1,1,1,1,1,1,1,1,1,1,-,-,-,1,1,1,1,1,1,1,1,1,1,1,1,1,1,1,1,1,1,1,1,1,1,1,1,1,1,1,1,1,1,1,1,1,1,-,-,-,-,-,-,-,-,-,-,-,1,1,1,1,1,1
108.5,1,1,1,1,1,1,1,1,1,1,-,-,-,1,1,1,1,1,1,1,1,1,1,1,1,1,1,1,1,1,1,1,1,1,1,1,1,1,1,1,1,1,1,1,1,1,1,1,-,-,-,-,-,-,-,-,-,1,1,1,1,1,1,1
109.0,1,1,1,1,1,1,1,1,1,1,-,-,1,1,1,1,1,1,1,1,1,1,1,1,1,1,-,-,1,1,1,1,1,1,1,1,1,1,1,1,1,1,1,1,1,1,1,1,-,-,-,-,-,-,-,1,1,1,1,1,1,1,-,-
109.5,1,1,1,1,1,1,1,1,1,1,-,-,1,1,1,1,1,1,1,1,1,1,1,1,-,-,-,-,-,1,1,1,1,1,1,1,1,1,1,1,1,1,1,1,1,1,1,1,1,1,1,1,1,1,1,1,1,1,1,1,1,1,-,-
110.0,1,1,1,1,1,1,1,1,1,1,-,-,1,1,1,1,1,1,1,1,1,1,1,-,-,-,-,-,-,1,1,1,1,1,1,1,1,1,1,1,1,1,1,1,1,1,1,1,1,1,1,1,1,1,1,1,1,1,1,1,1,1,-,-
110.5,1,1,1,1,1,1,1,1,1,-,-,-,1,1,1,1,1,1,1,1,-,-,-,-,-,-,-,-,-,1,1,1,1,1,1,1,1,1,1,1,1,1,1,1,1,1,1,1,1,1,1,1,1,1,1,1,1,1,1,1,1,1,1,-
111.0,1,1,1,1,1,1,1,1,1,-,-,-,-,1,1,1,1,1,1,1,-,-,-,-,-,-,-,-,1,1,1,1,1,1,1,1,1,1,1,1,1,1,1,1,1,1,1,1,1,1,1,1,1,1,1,1,1,1,1,1,1,1,1,1
111.5,1,1,1,1,1,1,1,1,1,-,-,-,1,1,1,1,1,1,1,1,-,-,-,-,-,-,-,-,-,-,-,1,1,1,1,1,1,1,1,1,1,1,1,1,1,1,1,1,1,1,1,1,1,1,1,1,1,1,1,1,1,1,1,1
112.0,1,1,1,1,1,1,1,1,1,-,-,-,1,1,1,1,1,1,-,-,-,-,-,-,-,-,-,-,-,-,-,1,1,1,1,1,1,1,1,1,1,1,1,1,1,1,1,1,1,1,1,1,1,1,1,1,1,1,1,1,1,1,1,1
112.5,1,1,1,1,1,1,1,1,1,-,-,-,1,1,1,1,1,1,1,-,-,-,-,-,-,-,-,-,-,-,-,-,1,1,1,1,1,1,1,1,1,1,1,1,1,1,1,1,1,1,1,1,1,1,1,1,1,1,1,1,1,1,1,1
113.0,1,1,1,1,1,1,1,1,1,-,1,1,1,1,1,1,1,1,1,1,-,-,-,-,-,-,-,-,-,-,-,-,1,1,1,1,1,1,1,1,1,1,1,1,1,1,1,1,1,1,1,1,1,1,1,1,1,1,1,1,1,1,1,1
113.5,1,1,1,1,1,1,1,1,-,-,1,1,1,1,1,1,1,1,1,-,-,-,-,-,-,-,-,-,-,-,-,-,-,1,1,1,1,1,1,1,1,1,1,1,1,1,1,1,1,1,1,1,1,1,1,1,1,1,1,1,1,1,1,1
114.0,1,1,1,1,1,1,1,1,-,-,1,1,1,1,1,1,1,1,1,-,-,-,-,-,-,-,-,-,-,-,-,-,-,-,-,1,1,1,1,1,1,1,1,1,1,1,1,1,1,1,1,1,1,1,1,1,1,1,1,1,1,1,1,1
114.5,1,1,1,1,1,1,1,1,-,1,1,1,1,1,1,1,1,1,1,-,-,-,-,-,-,-,-,-,-,-,-,-,-,-,-,1,1,1,1,1,1,1,1,1,1,1,1,1,1,1,1,1,1,1,1,1,1,1,1,1,1,1,1,1
115.0,1,1,1,1,1,1,1,1,1,1,1,1,1,1,1,1,1,-,-,-,-,-,-,-,-,-,-,-,-,-,-,-,-,-,-,1,1,1,1,1,1,1,1,1,1,1,1,1,1,1,1,1,1,1,1,1,1,1,1,1,1,1,1,1
115.5,1,1,1,1,1,1,1,1,1,1,1,1,1,1,1,1,1,1,-,-,-,-,-,-,-,-,-,-,-,-,-,-,-,-,-,-,1,1,1,1,1,1,1,1,1,1,1,1,1,1,1,1,1,1,1,1,1,1,1,1,1,1,1,1
116.0,1,1,1,1,1,1,1,1,1,1,1,1,1,1,1,1,1,1,1,-,-,-,-,-,-,-,-,-,-,-,-,-,-,-,-,-,-,1,1,1,1,1,1,1,1,1,1,1,1,1,1,1,1,1,1,1,1,1,1,1,1,1,1,1
116.5,1,1,1,1,1,1,1,1,1,1,1,1,1,1,1,1,1,1,1,1,1,1,1,-,-,-,-,-,-,-,-,-,-,-,-,-,-,-,-,1,1,1,1,1,1,1,1,1,1,1,1,1,1,1,1,1,1,1,1,1,1,1,1,1
117.0,1,1,1,1,1,1,1,-,-,1,1,1,1,1,1,1,1,1,1,1,1,1,1,-,-,-,-,-,-,-,-,-,-,-,-,-,-,-,-,1,1,1,1,1,1,1,1,1,1,1,1,1,1,1,1,1,1,1,1,1,1,1,1,1
117.5,1,1,1,1,1,1,1,1,-,1,1,1,1,1,1,1,1,1,1,1,1,1,1,1,-,1,-,-,-,-,-,-,1,1,-,-,-,-,-,1,1,1,1,1,1,1,1,1,1,1,1,1,1,1,1,1,1,1,1,1,1,1,1,1
118.0,1,1,1,1,1,1,1,1,1,1,1,1,1,1,1,1,1,1,1,1,1,1,1,1,1,1,1,1,-,1,1,1,1,1,-,-,-,1,1,1,1,1,1,-,1,1,1,1,1,1,1,1,1,1,1,1,1,1,1,1,1,1,1,1
118.5,1,1,1,1,1,1,1,1,-,1,1,1,1,1,1,1,1,1,1,1,1,1,1,1,1,1,1,-,1,1,1,1,1,1,1,1,-,1,1,1,1,1,1,1,1,1,1,1,1,1,1,1,1,1,1,1,1,1,1,1,1,1,1,1
119.0,1,1,1,1,1,1,1,1,1,1,1,1,1,1,1,1,1,1,-,-,-,1,1,1,1,1,1,1,1,1,1,1,1,1,1,1,1,1,1,1,1,1,1,1,1,1,1,1,1,1,1,1,1,1,1,1,1,1,1,1,1,1,1,1
119.5,1,1,1,1,1,1,-,1,1,1,1,1,1,1,-,-,-,-,-,-,-,-,-,-,1,1,1,1,1,1,1,1,1,1,1,1,1,1,1,1,1,1,1,1,1,1,-,-,1,1,1,1,1,1,1,1,1,1,1,1,1,1,1,1
120.0,1,1,1,1,1,-,-,1,1,1,1,1,1,1,-,-,-,-,-,-,-,-,-,-,-,-,-,1,1,1,1,1,1,1,1,1,1,1,1,1,1,1,1,1,1,1,1,1,1,1,1,1,1,1,1,1,-,-,1,1,1,1,1,1
120.5,1,1,1,1,1,-,1,1,-,1,1,1,1,1,1,1,1,1,1,1,-,-,-,1,1,1,-,1,1,1,1,1,1,1,1,1,1,1,1,1,1,1,1,1,1,1,1,1,1,1,1,1,1,1,1,-,-,-,-,-,1,1,1,1
121.0,1,1,1,1,1,1,1,1,-,1,1,1,1,1,1,1,1,1,-,1,-,-,-,1,1,1,-,-,1,1,1,1,1,1,1,1,1,1,1,1,1,1,1,1,1,1,1,1,1,1,1,1,1,-,-,-,-,-,-,-,-,-,-,1
121.5,1,1,1,1,1,1,1,1,1,1,1,1,1,1,1,1,1,1,-,-,-,1,-,-,1,1,-,-,1,1,1,1,1,1,1,1,1,1,1,1,1,1,1,1,1,1,1,1,1,1,1,1,1,-,-,1,1,-,-,-,-,-,1,1
122.0,1,1,1,1,1,1,1,1,1,1,1,1,1,1,1,1,-,-,-,-,1,1,-,-,1,1,-,-,1,1,1,1,1,1,1,1,1,1,1,1,1,1,1,1,1,1,-,-,-,1,1,1,1,-,1,1,1,1,-,-,-,-,1,1
122.5,1,1,1,1,1,1,1,1,-,1,1,1,1,1,1,1,1,-,1,1,1,1,1,-,1,1,-,-,1,1,1,1,1,1,1,1,1,1,1,1,1,-,1,1,1,1,1,-,-,1,1,1,-,-,1,1,1,1,1,1,1,1,1,1
123.0,1,1,1,1,1,1,1,1,1,1,1,1,1,1,1,1,1,1,1,1,1,1,1,-,1,1,-,-,1,1,1,1,1,1,1,1,1,1,1,1,1,-,1,1,-,-,1,1,-,1,1,1,-,1,1,1,1,1,1,1,1,1,1,1
123.5,1,1,1,1,1,1,1,1,1,1,1,1,1,1,1,1,1,1,1,1,1,1,1,1,1,1,-,1,1,1,1,1,1,1,1,1,1,1,1,1,1,-,-,1,1,1,1,1,1,1,1,-,-,-,1,1,1,1,1,1,1,1,1,1
124.0,1,1,1,1,1,-,-,1,1,1,1,1,1,1,1,1,1,1,1,1,1,1,1,1,1,1,-,1,1,1,1,1,1,1,1,1,1,1,1,1,1,-,1,1,1,1,1,1,1,1,1,-,1,1,1,1,1,1,1,1,1,1,1,1
124.5,1,1,1,1,1,1,-,1,1,1,1,1,1,1,1,1,1,1,1,1,1,1,1,1,1,1,1,-,1,1,1,1,1,1,1,1,1,1,-,-,-,-,-,1,1,1,1,1,1,1,-,1,1,1,1,1,1,1,1,1,1,1,1,1
125.0,1,1,1,1,1,1,-,-,1,1,1,1,1,1,1,1,1,1,1,1,1,1,1,1,1,1,1,1,-,1,1,1,1,1,1,1,1,-,-,-,-,-,-,1,1,1,1,1,1,-,-,1,1,1,1,1,1,1,1,1,1,1,1,1
125.5,1,1,1,1,1,1,1,-,1,1,1,1,1,1,1,1,1,1,1,1,1,1,1,1,1,1,1,1,1,1,1,1,1,1,1,1,1,-,1,-,-,-,-,1,-,1,1,1,-,-,1,1,1,1,1,1,1,1,1,1,1,1,1,1
126.0,1,1,1,1,1,1,1,-,1,1,1,1,1,1,1,1,1,1,1,1,1,1,1,1,1,1,1,1,1,1,1,1,1,1,1,1,1,1,1,-,-,-,-,-,1,1,1,1,1,1,1,1,1,1,1,1,1,1,1,1,1,1,1,1
126.5,1,1,1,1,1,1,1,1,-,1,1,1,1,1,1,1,1,1,1,1,1,1,1,1,1,1,1,1,1,1,1,1,1,1,1,1,1,1,1,1,-,1,1,1,1,1,1,1,1,1,1,1,1,1,1,1,1,1,1,1,1,1,1,1
127.0,1,1,1,1,1,1,1,1,-,1,1,1,1,1,1,1,1,1,1,1,1,1,1,1,1,1,1,1,1,1,1,1,1,1,1,1,1,1,1,1,1,1,1,1,1,1,1,1,1,1,1,1,1,1,1,1,1,1,1,1,1,1,1,1
127.5,1,1,1,1,1,1,1,1,1,1,1,1,1,1,1,1,1,1,1,1,1,1,1,1,1,1,1,-,1,1,1,1,1,1,1,1,1,1,1,1,1,1,1,1,1,1,1,1,1,1,1,1,1,1,1,1,1,1,1,1,1,1,1,1
128.0,1,1,1,1,1,1,1,1,1,1,1,1,1,1,1,1,1,1,1,1,1,1,1,1,-,1,-,-,-,1,1,1,1,1,1,1,1,1,1,1,1,1,1,1,1,1,1,1,1,1,1,1,1,1,1,1,1,1,1,1,1,1,1,1
128.5,1,1,1,1,1,1,1,1,1,1,1,1,1,1,1,1,1,1,1,-,1,1,1,1,1,1,-,-,1,1,1,1,1,1,1,1,1,1,1,1,1,1,1,1,1,1,1,1,1,1,1,1,1,1,1,1,1,1,1,1,1,1,1,1
129.0,1,1,1,1,1,1,1,1,1,1,1,1,1,1,1,1,1,1,1,-,1,1,1,1,1,1,1,1,1,1,1,1,1,1,1,1,1,1,1,1,1,1,1,1,1,1,1,1,1,1,1,1,1,1,1,1,1,1,1,1,1,1,1,1
129.5,1,1,1,1,1,1,1,1,1,1,1,1,1,1,1,1,1,1,1,-,1,1,1,1,1,1,1,1,1,1,1,1,1,1,1,1,1,1,1,1,1,1,1,1,1,1,1,1,1,1,1,1,1,1,1,1,1,1,1,1,1,1,1,1
130.0,1,1,1,1,1,1,1,1,1,1,1,1,1,1,1,1,1,1,1,-,1,1,1,1,1,1,1,1,1,1,1,1,1,1,1,1,1,1,1,1,1,1,1,1,1,1,1,1,1,1,1,1,1,1,1,1,1,1,1,1,1,1,1,1
130.5,1,1,1,1,1,1,1,1,1,1,1,1,1,1,1,1,1,1,-,1,1,1,1,1,1,1,1,1,1,1,1,1,1,1,1,1,1,1,1,1,1,1,1,1,1,1,1,1,1,1,1,1,1,1,1,1,1,1,1,1,1,1,1,1
131.0,-,1,1,1,1,1,1,1,1,1,1,1,1,1,1,1,1,1,1,1,1,1,1,1,1,1,1,1,1,1,1,1,1,1,1,1,1,1,1,1,1,1,1,1,1,1,1,1,1,1,1,1,1,1,1,1,1,1,1,1,1,1,1,1
131.5,-,1,1,1,1,1,1,1,1,1,1,1,1,1,1,1,1,1,1,1,1,1,1,-,1,1,1,1,1,1,1,1,1,1,1,1,1,1,1,1,1,1,1,1,1,1,1,1,1,1,1,1,1,1,1,1,1,1,1,1,1,1,1,1
132.0,-,1,1,1,1,1,1,1,1,1,1,1,1,1,1,1,1,1,1,1,1,1,-,-,1,1,1,1,1,1,1,1,1,1,1,1,1,1,1,1,1,1,1,1,1,1,1,1,1,1,1,1,1,1,1,1,1,1,1,1,1,1,1,1
132.5,-,1,-,1,1,1,1,1,1,1,1,1,1,1,1,1,1,1,1,-,1,-,-,-,-,1,1,1,1,1,1,1,1,1,1,1,1,1,1,1,1,1,1,1,1,1,1,1,1,1,1,1,1,1,1,1,1,1,1,1,1,1,1,1
133.0,-,-,1,1,1,1,1,1,1,1,1,1,1,1,1,1,1,-,-,-,1,-,-,-,-,1,1,1,1,1,1,1,1,1,1,1,1,1,1,1,1,1,1,1,1,1,1,1,1,1,1,1,1,1,1,1,1,1,1,1,1,1,1,1
133.5,-,-,1,1,1,1,1,1,1,1,1,1,1,1,1,1,1,1,-,-,1,-,-,-,1,1,1,1,1,1,1,1,1,1,1,1,1,1,1,1,1,1,1,1,1,1,1,1,1,1,1,1,1,1,1,1,1,1,1,1,1,1,1,1
134.0,-,-,1,1,1,1,1,1,1,1,1,1,1,1,1,1,1,1,-,-,-,-,-,-,1,1,1,1,1,1,1,1,1,1,1,1,1,1,1,1,1,1,1,1,1,1,1,1,1,1,1,1,1,1,1,1,1,1,1,1,1,1,1,1
134.5,-,1,1,1,1,1,1,1,1,1,1,1,1,1,1,1,1,1,-,-,1,1,1,1,1,1,1,1,1,1,1,1,1,1,1,1,1,1,1,1,1,1,1,1,1,1,1,1,1,1,1,1,1,1,1,1,1,1,1,1,1,1,1,1
135.0,-,1,1,1,1,1,1,1,1,1,1,1,1,1,1,1,1,-,-,1,1,1,1,1,1,1,1,1,1,1,1,1,1,1,1,1,1,1,1,1,1,1,1,1,1,1,1,1,1,1,1,1,1,1,1,1,1,1,1,1,1,1,1,1
135.5,-,1,1,1,1,1,1,1,1,1,1,1,1,1,1,1,-,-,-,1,1,1,1,1,1,1,1,1,1,1,1,1,1,1,1,1,1,1,1,1,1,1,1,1,1,1,1,1,1,1,1,1,1,1,1,1,1,1,1,1,1,1,1,1
136.0,-,1,1,1,1,1,1,1,1,1,1,1,1,1,1,1,-,-,-,-,1,1,1,1,1,1,1,1,1,1,1,1,1,1,1,1,1,1,1,1,1,1,1,1,1,1,1,1,1,1,1,1,1,1,1,1,1,1,1,1,1,1,1,1
136.5,-,-,1,1,1,1,1,1,1,1,1,1,1,1,1,1,-,-,-,-,-,1,1,1,1,1,1,1,1,1,1,1,1,1,1,1,1,1,1,1,1,1,1,1,1,1,1,1,1,1,1,1,1,1,1,1,1,1,1,1,1,1,1,1
137.0,1,1,1,1,1,1,1,1,1,1,1,1,1,1,1,-,-,-,-,-,-,1,1,1,1,1,1,1,1,1,1,1,1,1,1,1,1,1,1,1,1,1,1,1,1,1,1,1,1,1,1,1,1,1,1,1,1,1,1,1,1,1,1,1
137.5,1,1,1,1,1,1,1,1,1,1,1,1,1,1,1,-,-,-,-,-,-,-,1,1,1,1,1,1,1,1,1,1,1,1,1,1,1,1,1,1,1,1,1,1,1,1,1,1,1,1,1,1,1,1,1,1,1,1,1,1,1,1,1,1
138.0,1,1,1,1,1,1,1,1,1,-,1,1,1,1,1,-,-,-,-,-,-,-,1,1,1,1,1,1,1,1,1,1,1,1,1,1,1,1,1,1,1,1,1,1,1,1,1,1,1,1,1,1,1,1,1,1,1,1,1,1,1,1,1,1
138.5,1,1,1,1,1,1,1,1,1,-,1,1,1,-,-,-,-,-,-,-,-,-,1,1,1,1,1,1,1,1,1,1,1,1,1,1,1,1,1,1,1,1,1,1,1,1,1,1,1,1,1,1,1,1,1,1,1,1,1,1,1,1,1,1
139.0,1,1,1,1,1,1,1,1,1,1,1,-,-,-,-,-,-,-,-,-,-,-,1,1,1,1,1,1,1,1,1,1,1,1,1,1,1,1,1,1,1,1,1,1,1,1,1,1,1,1,1,1,1,1,1,1,1,1,1,1,1,1,1,1
139.5,1,1,1,1,1,1,1,1,1,-,-,-,-,-,-,-,-,-,-,-,-,1,1,1,1,1,1,1,1,1,1,1,1,1,1,1,1,1,1,1,1,1,1,1,1,1,1,1,1,1,1,1,1,1,1,1,1,1,1,1,1,1,1,1
140.0,1,1,1,1,1,1,1,1,1,-,-,-,-,-,-,-,-,-,-,-,-,1,1,1,1,1,1,1,1,1,1,1,1,1,1,1,1,1,1,1,1,1,1,1,1,1,1,1,1,1,1,1,1,1,1,1,1,1,1,1,1,1,1,1
140.5,1,1,1,1,1,1,1,1,-,-,-,-,-,-,-,-,-,-,-,-,-,1,1,1,1,1,1,1,1,1,1,1,1,1,1,1,1,1,1,1,1,1,1,1,1,1,1,1,1,1,1,1,1,1,1,1,1,1,1,1,1,1,1,1
141.0,1,1,1,1,1,1,1,-,-,-,-,-,-,-,-,-,-,-,-,-,1,1,1,1,1,1,1,1,1,1,1,1,1,1,1,1,1,1,1,1,1,1,1,1,1,1,1,1,1,1,1,1,1,1,1,1,1,1,1,1,1,1,1,1
141.5,1,1,1,1,1,1,1,-,-,-,-,-,-,-,-,-,-,-,-,-,1,1,1,1,1,1,1,1,1,1,1,1,1,1,1,1,1,1,1,1,1,1,1,1,1,1,1,1,1,1,1,1,1,1,1,1,1,1,1,1,1,1,1,1
142.0,-,1,1,1,1,1,1,-,-,-,-,-,-,-,-,-,-,-,-,-,1,1,1,1,1,1,1,1,1,1,1,1,1,1,1,1,1,1,1,1,1,1,1,1,1,1,1,1,1,1,1,1,1,1,1,1,1,1,1,1,1,1,1,1
142.5,-,-,-,-,1,1,1,-,-,-,-,-,-,-,-,-,-,-,-,1,1,1,1,1,1,1,1,1,1,1,1,1,1,1,1,1,1,1,1,1,1,1,1,1,1,1,1,1,1,1,1,1,1,1,1,1,1,1,1,1,1,1,1,1
143.0,-,-,1,1,1,1,1,-,1,-,-,-,-,-,-,-,-,-,-,1,1,1,1,1,1,1,1,1,1,1,1,1,1,1,1,1,1,1,1,1,1,1,1,1,1,1,1,1,1,1,1,1,1,1,1,1,1,1,1,1,1,1,1,1
143.5,1,1,1,1,1,1,1,1,1,1,-,-,-,-,-,-,-,-,-,1,1,1,1,1,1,1,1,1,1,1,1,1,1,1,1,1,1,1,1,1,1,1,1,1,1,1,1,1,1,1,1,1,1,1,1,1,1,1,1,1,1,1,1,1
144.0,1,1,1,1,1,1,1,1,1,1,-,-,-,-,-,-,-,-,1,1,1,1,1,1,1,1,1,1,1,1,1,1,1,1,1,1,1,1,1,1,1,1,1,1,1,1,1,1,1,1,1,1,1,1,1,1,1,1,1,1,1,1,1,1
144.5,1,1,1,1,1,1,1,1,1,1,-,-,-,-,-,-,-,-,1,1,1,1,1,1,1,1,1,1,1,1,1,1,1,1,1,1,1,1,1,1,1,1,1,1,1,1,1,1,1,1,1,1,1,1,1,1,1,1,1,1,1,1,1,1
145.0,1,1,1,1,1,1,1,1,1,1,-,-,-,-,-,-,-,1,1,1,1,1,1,1,1,1,1,1,1,1,1,1,1,1,1,1,1,1,1,1,1,1,1,1,1,1,1,1,1,1,1,1,1,1,1,1,1,1,1,1,1,1,1,1
145.5,1,1,1,1,1,1,1,1,1,1,-,-,-,-,-,-,1,1,1,1,1,1,1,1,1,1,1,1,1,1,1,1,1,1,1,1,1,1,1,1,1,1,1,1,1,1,1,1,1,1,1,1,1,1,1,1,1,1,1,1,1,1,1,1
146.0,1,1,1,1,1,1,1,1,1,-,-,-,-,-,1,1,1,1,1,1,1,1,1,1,1,1,1,1,1,1,1,1,1,1,1,1,1,1,1,1,1,1,1,1,1,1,1,1,1,1,1,1,1,1,1,1,1,1,1,1,1,1,1,1
146.5,1,1,1,1,1,1,1,1,-,-,-,-,-,-,1,1,1,1,1,1,1,1,1,1,1,1,1,1,1,1,1,1,1,1,1,1,1,1,1,1,1,1,1,1,1,1,1,1,1,1,1,1,1,1,1,1,1,1,1,1,1,1,1,1
147.0,1,1,1,1,1,1,1,-,-,-,-,-,-,-,1,1,1,1,1,1,1,1,1,1,1,1,1,1,1,1,1,1,1,1,1,1,1,1,1,1,1,1,1,1,1,1,1,1,1,1,1,1,1,1,1,1,1,1,1,1,1,1,1,1
147.5,1,1,1,1,1,1,-,-,-,-,1,1,-,1,1,1,1,1,1,1,1,1,1,1,1,1,1,1,1,1,1,1,1,1,1,1,1,1,1,1,1,1,1,1,1,1,1,1,1,1,1,1,1,1,1,1,1,1,1,1,1,1,1,1
148.0,1,1,1,1,1,-,-,-,-,-,1,1,1,1,1,1,1,1,1,1,1,1,1,1,1,1,1,1,1,1,1,1,1,1,1,1,1,1,1,1,1,1,1,1,1,1,1,1,1,1,1,1,1,1,1,1,1,1,1,1,1,1,1,1
148.5,1,1,1,1,1,-,-,-,1,1,1,1,1,1,1,1,1,1,1,1,1,1,1,1,1,1,1,1,1,1,1,1,1,1,1,1,1,1,1,1,1,1,1,1,1,1,1,1,1,1,1,1,1,1,1,1,1,1,1,1,1,1,1,1
149.0,1,1,1,1,1,-,-,1,1,1,1,1,1,1,1,1,1,1,1,1,1,1,1,1,1,1,1,1,1,1,1,1,1,1,1,1,1,1,1,1,1,1,1,1,1,1,1,1,1,1,1,1,1,1,1,1,1,1,1,1,1,1,1,1
149.5,1,1,1,1,1,-,1,1,1,1,1,1,1,-,1,1,1,1,1,1,1,1,1,1,1,1,1,1,1,1,1,1,1,1,1,1,1,1,1,1,1,1,1,1,1,1,1,1,1,1,1,1,1,1,1,1,1,1,1,1,1,1,1,1
150.0,1,1,1,1,-,1,1,1,1,1,1,1,1,-,-,1,1,1,1,1,1,1,1,1,1,1,1,1,1,1,1,1,1,1,1,1,1,1,1,1,1,1,1,1,1,1,1,1,1,1,1,1,1,1,1,1,1,1,1,1,1,1,1,1
150.5,1,1,1,1,1,1,1,1,1,1,1,1,1,-,1,1,1,1,1,1,1,1,1,1,1,1,1,1,1,1,1,1,1,1,1,1,1,1,1,1,1,1,1,1,1,1,1,1,1,1,1,1,1,1,1,1,1,1,1,1,1,1,1,1
151.0,1,1,1,1,1,1,1,1,1,1,1,1,1,-,-,1,1,1,1,1,1,1,1,1,1,1,1,1,1,1,1,1,1,1,1,1,1,1,1,1,1,1,1,1,1,1,1,1,1,1,1,1,1,1,1,1,1,1,1,1,1,1,1,1
151.5,1,1,1,1,1,1,1,1,1,1,1,1,1,1,-,1,1,1,1,1,1,1,1,1,1,1,1,1,1,1,1,1,1,1,1,1,1,1,1,1,1,1,1,1,1,1,1,1,1,1,1,1,1,1,1,1,1,1,1,1,1,1,1,1
152.0,1,1,1,1,1,1,1,1,1,1,1,1,1,1,1,1,-,1,1,1,1,1,1,1,1,1,1,1,1,1,1,1,1,1,1,1,1,1,1,1,1,1,1,1,1,1,1,1,1,1,1,1,1,1,1,1,1,1,1,1,1,1,1,1
152.5,1,1,1,1,1,1,1,1,1,1,1,1,1,1,1,1,1,1,1,1,1,1,1,1,1,1,1,1,1,1,1,1,1,1,1,1,1,1,1,1,1,1,1,1,1,1,1,1,1,1,1,1,1,1,1,1,1,1,1,1,1,1,1,1
153.0,1,1,1,1,1,1,1,1,1,1,1,1,1,1,1,1,1,1,1,1,1,1,1,1,1,1,1,1,1,1,1,1,1,1,1,1,1,1,1,1,1,1,1,1,1,1,1,1,1,1,1,1,1,1,1,1,1,1,1,1,1,1,1,1
153.5,1,1,1,1,1,1,1,1,1,1,1,1,1,1,1,1,1,1,1,1,1,1,1,1,1,1,1,1,1,1,1,1,1,1,1,1,1,1,1,1,1,1,1,1,1,1,1,1,1,1,1,1,1,1,1,1,1,1,1,1,1,1,1,1
154.0,1,1,1,1,1,1,1,1,1,1,1,1,1,1,1,1,1,1,1,1,1,1,1,1,1,1,1,1,1,1,1,1,1,1,1,1,1,1,1,1,1,1,1,1,1,1,1,1,1,1,1,1,1,1,1,1,1,1,1,1,1,1,1,1
154.5,1,1,1,1,1,1,1,1,1,1,1,1,1,1,1,1,1,1,1,1,1,1,1,1,1,1,1,1,1,1,1,1,1,1,1,1,1,1,1,1,1,1,1,1,1,1,1,1,1,1,1,1,1,1,1,1,1,1,1,1,1,1,1,1
